,type,concept,rank,score,match_index,first_index,rank_pos,match_concept_list,match_freq_list,first_concept_list,first_freq_list
0,0,Crystallinity,71.0,0.0,,,13.3.1,,,,
15,0,Ohm,56.0,0.0,,,10.4.1,,,,
14,0,Hardness,99.0,0.0,,,22.4.1,,,,
13,0,Electrical polarity,43.0,0.0,,,8.3.3,,,,
12,0,Hertz,3.0,0.0,,,2.3,,,,
11,0,Gravitational constant,68.0,0.0,,,12.4.1,,,,
10,0,Friction,16.0,0.0,,,4.2.2,,,,
9,0,Kilogram,4.0,0.0,,,2.4,,,,
8,0,Stiffness,99.0,0.0,,,22.4.1,,,,
7,0,Temperature,2.0,0.0,,,2.1,,,,
6,0,Planet,13.0,0.0,,,4.1.1,,,,
5,0,Real image,35.0,0.0,,,7.5.1,,,,
4,0,Virtual image,35.0,0.0,,,7.5.1,,,,
3,0,Physical quantity,2.0,0.0,,,2.1,,,,
2,0,Joule,87.0,0.0,,,19.5,,,,
1,0,Coulomb,47.0,0.0,,,9.3,,,,
16,0,Tangential and normal components,70.0,0.0,,,12.6.1,,,,
17,0,Angle of incidence,31.0,0.0,,,7.3.2,,,,
18,3,Phase velocity,60.0,0.01872122815538225,11,11,11,Euclidean vector|Physics|Scalar (mathematics)|Direction (geometry)|Velocity|Speed|Force|Compass|Length|Displacement (vector)|Distance|Work (physics)|Position (vector)|Motion,137|7|9|54|4|1|6|3|10|18|1|2|7|1,Euclidean vector|Physics|Scalar (mathematics)|Direction (geometry)|Velocity|Speed|Force|Compass|Length|Displacement (vector)|Distance|Work (physics)|Position (vector)|Motion,137|7|9|54|4|1|6|3|10|18|1|2|7|1
19,2,Metre,2.0,0.041698969470070124,10.5.4,10.5.4,2.1,Metre|Ammeter|Electrical |Electrical resistance and conductance|Electric charge|Voltmeter,1|1|2|2|2|1,Metre|Ammeter|Electrical |Electrical resistance and conductance|Electric charge|Voltmeter,1|1|2|2|2|1
20,1,Relative velocity,93.0,0.08389092231778478,21.5.4,21.5.4,21.5.4,Velocity,4,Velocity,4
21,1,Elastic collision,91.0,0.08778304264649864,21.4.1,21.4.1,21.4.1,Elasticity (physics)|Energy|Collision,4|14|4,Elasticity (physics)|Energy|Collision,4|14|4
22,1,Position (vector),6.0,0.1026193902943658,3.2.2,3.2.2,3.1,Position (vector)|Length|Direction (geometry),10|1|7,Position (vector)|Length|Direction (geometry),10|1|7
23,1,Hooke's law,95.0,0.10791319204674288,22.2.1,22.2.1,22.2.1,Deformation (engineering)|Force|Compression (physics)|Tension (physics)|Direction (geometry)|Hooke's law|Elasticity (physics)|Metre,1|6|4|2|1|4|1|1,Deformation (engineering)|Force|Compression (physics)|Tension (physics)|Direction (geometry)|Hooke's law|Elasticity (physics)|Metre,1|6|4|2|1|4|1|1
24,2,Projectile motion,89.0,0.11728308182335773,21.2.3,21.2.3,21.2.3,Projectile motion|Motion|Direction (geometry)|Position (vector)|Velocity|Motion graphs and derivatives,3|3|1|1|2|1,Projectile motion|Motion|Direction (geometry)|Position (vector)|Velocity|Motion graphs and derivatives,3|3|1|1|2|1
25,2,Length,2.0,0.11924469381737204,5.3.1,5.3.1,2.1,Amplitude|Displacement (vector)|Position (vector)|Length,4|2|1|2,Amplitude|Displacement (vector)|Position (vector)|Length,4|2|1|2
26,1,Resonance (particle physics),80.0,0.12099238745903715,16.4,16.4,16.4,Resonance (particle physics)|Amplitude|Frequency|Speed|Sound|Length,4|1|4|1|2|1,Resonance (particle physics)|Amplitude|Frequency|Speed|Sound|Length,4|1|4|1|2|1
27,2,Gravity of Earth,12.0,0.14015444857457854,4.2,4.2,4,Field (physics)|Mass|Force|Gravitational field|Free fall|Motion|Friction|Gravity|Electrical |Electrical resistance and conductance,1|4|4|4|3|5|3|1|1|1,Field (physics)|Mass|Force|Gravitational field|Free fall|Motion|Friction|Gravity|Electrical |Electrical resistance and conductance,1|4|4|4|3|5|3|1|1|1
28,2,Subtractive color,106.0,0.14331268474918304,25.3.2,25.3.2,25.3.2,Color|Light,6|2,Color|Light,6|2
29,2,Compression (physics),75.0,0.15446332107540608,14.3.1,14.3.1,14.3.1,Compression (physics)|Wave|Rarefaction,3|1|1,Compression (physics)|Wave|Rarefaction,3|1|1
30,1,Capacitance,113.0,0.1565594502976151,28.4.1,28.4.1,28.4.1,Capacitance|Capacitor|Electrical |Electrical resistance and conductance|Frequency,6|6|1|1|8,Capacitance|Capacitor|Electrical |Electrical resistance and conductance|Frequency,6|6|1|1|8
31,2,Le Sage's theory of gravitation,12.0,0.17415397172169195,4,4,4,Force|Mass|Kilogram|Gravity|Work (physics)|Planet|Scalar (mathematics)|Euclidean vector|Field (physics)|Gravitational field|Free fall|Motion|Friction|Electrical |Electrical resistance and conductance|Potential energy|Energy|Position (vector)|Electric potential energy|Joule|Kinetic energy|Velocity|Mechanical energy|Energy level|Tension (physics)|Distance|Metre,18|13|9|6|3|3|1|1|1|5|4|10|9|3|3|39|42|3|1|2|4|8|21|1|1|2|1,Force|Mass|Kilogram|Gravity|Work (physics)|Planet|Scalar (mathematics)|Euclidean vector|Field (physics)|Gravitational field|Free fall|Motion|Friction|Electrical |Electrical resistance and conductance|Potential energy|Energy|Position (vector)|Electric potential energy|Joule|Kinetic energy|Velocity|Mechanical energy|Energy level|Tension (physics)|Distance|Metre,18|13|9|6|3|3|1|1|1|5|4|10|9|3|3|39|42|3|1|2|4|8|21|1|1|2|1
32,2,Dispersion (optics),105.0,0.1790560100675121,25.2.1,25.2.1,25.2.1,Light|Wavelength|Color|Speed|Frequency|Refraction,22|1|4|3|5|4,Light|Wavelength|Color|Speed|Frequency|Refraction,22|1|4|3|5|4
33,2,Rarefaction,75.0,0.1883101816140791,14.3.1,14.3.1,14.3.1,Compression (physics)|Wave|Rarefaction,3|1|1,Compression (physics)|Wave|Rarefaction,3|1|1
34,1,Direction (geometry),62.0,0.188809266412984,11.4,11.4,11.4,Euclidean vector|Direction (geometry)|Compass,10|10|2,Euclidean vector|Direction (geometry)|Compass,10|10|2
35,1,Musical tone,78.0,0.18918742379524506,15.2.3,15.2.3,15.2.3,Musical tone|Sound|Wave|Standing wave|Physics,1|6|3|1|1,Musical tone|Sound|Wave|Standing wave|Physics,1|6|3|1|1
36,1,Series and parallel circuits,54.0,0.19312390171597488,10.3.4,10.3.4,10.3.3,Electric current|Electric charge|Electrical |Electrical resistance and conductance,2|4|1|1,Electric current|Electric charge|Electrical |Electrical resistance and conductance,2|4|1|1
37,1,Equations of motion,11.0,0.19363213004334429,21.2.2,3.9,3.9,Equations of motion|Free fall|Projectile motion|Velocity|Gravity,1|1|1|2|1,Motion|Work (physics)|Distance|Velocity|Force|Friction|Newton's laws of motion,6|1|1|1|2|1|1
38,1,Scalar multiplication,63.0,0.19828559631353795,11.6.3,11.6.3,11.6.3,Euclidean vector|Scalar (mathematics)|Work (physics),2|1|1,Euclidean vector|Scalar (mathematics)|Work (physics),2|1|1
39,2,Fracture,96.0,0.20613871593838407,22.3,22.3,22.3,Plasticity (physics)|Elasticity (physics)|Force|Deformation (engineering)|Fracture|Creep (deformation)|Fatigue (material),9|5|8|3|3|6|4,Plasticity (physics)|Elasticity (physics)|Force|Deformation (engineering)|Fracture|Creep (deformation)|Fatigue (material),9|5|8|3|3|6|4
40,2,Fatigue (material),97.0,0.21402996065843333,22.3.2,22.3.2,22.3.2,Plasticity (physics)|Elasticity (physics)|Fracture|Force|Creep (deformation)|Deformation (engineering)|Fatigue (material),1|1|3|5|6|2|4,Plasticity (physics)|Elasticity (physics)|Fracture|Force|Creep (deformation)|Deformation (engineering)|Fatigue (material),1|1|3|5|6|2|4
41,2,Deformation (engineering),94.0,0.22132962129042627,22.2,22.2,22.2,Deformation (engineering)|Force|Compression (physics)|Tension (physics)|Direction (geometry)|Hooke's law|Elasticity (physics)|Metre|Work (physics)|Fracture|Plasticity (physics),2|14|4|2|1|11|4|1|1|3|3,Deformation (engineering)|Force|Compression (physics)|Tension (physics)|Direction (geometry)|Hooke's law|Elasticity (physics)|Metre|Work (physics)|Fracture|Plasticity (physics),2|14|4|2|1|11|4|1|1|3|3
42,2,Scattering,116.0,0.2243139660113573,31.2,31.2,31.2,Electron|Energy level|Energy|Light|Wavelength|Strength of materials|Scattering|Direction (geometry)|Reflection (physics)|Geometrical optics|Ray (optics)|Refraction|Optical microscope|Color|Specular reflection|Plasticity (physics),12|10|15|32|18|1|10|5|10|2|3|2|1|5|1|1,Electron|Energy level|Energy|Light|Wavelength|Strength of materials|Scattering|Direction (geometry)|Reflection (physics)|Geometrical optics|Ray (optics)|Refraction|Optical microscope|Color|Specular reflection|Plasticity (physics),12|10|15|32|18|1|10|5|10|2|3|2|1|5|1|1
43,2,Strength of materials,98.0,0.2349503967222089,22.4,22.4,22.4,Strength of materials|Force|Metre|Stiffness|Hardness|Deformation (engineering)|Electrical |Electrical resistance and conductance|Energy|Plasticity (physics)|Fracture|Crystallinity|Work (physics)|Temperature|Color,3|4|2|4|4|4|1|1|1|3|2|1|4|4|1,Strength of materials|Force|Metre|Stiffness|Hardness|Deformation (engineering)|Electrical |Electrical resistance and conductance|Energy|Plasticity (physics)|Fracture|Crystallinity|Work (physics)|Temperature|Color,3|4|2|4|4|4|1|1|1|3|2|1|4|4|1
44,2,Shock wave,111.0,0.2399802903911013,26.6,26.6,26.6,Wave|Speed|Sound|Direction (geometry)|Wavelength|Doppler effect|Frequency|Work (physics)|Sonic boom|Distance,14|23|34|4|2|2|1|2|3|1,Wave|Speed|Sound|Direction (geometry)|Wavelength|Doppler effect|Frequency|Work (physics)|Sonic boom|Distance,14|23|34|4|2|2|1|2|3|1
45,1,Work (physics),100.0,0.2420440061361994,23.2,23.2,23.2,Work (physics)|Force|Displacement (vector)|Distance|Direction (geometry)|Motion|Euclidean vector|Physical quantity|Joule|Position (vector)|Energy|Physics,20|19|8|1|10|7|3|1|3|3|2|2,Work (physics)|Force|Displacement (vector)|Distance|Direction (geometry)|Motion|Euclidean vector|Physical quantity|Joule|Position (vector)|Energy|Physics,20|19|8|1|10|7|3|1|3|3|2|2
46,1,Gravitational acceleration,14.0,0.2429562702454981,4.2,4.2,4.2,Field (physics)|Mass|Force|Gravitational field|Free fall|Motion|Friction|Gravity|Electrical |Electrical resistance and conductance,1|4|4|4|3|5|3|1|1|1,Field (physics)|Mass|Force|Gravitational field|Free fall|Motion|Friction|Gravity|Electrical |Electrical resistance and conductance,1|4|4|4|3|5|3|1|1|1
47,2,Motion graphs and derivatives,20.0,0.2435419141848808,14.4,21.2.3,4.6,Wave|Direction (geometry)|Motion|Position (vector)|Displacement (vector)|Velocity|Motion graphs and derivatives,8|1|2|3|1|3|3,Projectile motion|Motion|Direction (geometry)|Position (vector)|Velocity|Motion graphs and derivatives,3|3|1|1|2|1
48,1,Interference (wave propagation),109.0,0.2478146361650821,26.4,26.4,26.4,Wave|Displacement (vector)|Direction (geometry)|Crest (physics)|Work (physics)|Mirror image,15|10|4|18|1|1,Wave|Displacement (vector)|Direction (geometry)|Crest (physics)|Work (physics)|Mirror image,15|10|4|18|1|1
49,1,Insulator (electricity),88.0,0.25048015042312954,20.2.2,20.2.2,20.2.2,Energy|Insulator (electricity)|Electron|Electric current|Temperature|Position (vector)|Electric charge,8|6|5|1|2|1|1,Energy|Insulator (electricity)|Electron|Electric current|Temperature|Position (vector)|Electric charge,8|6|5|1|2|1|1
50,1,Power (physics),102.0,0.2543931399929088,23.4,23.4,23.4,Work (physics)|Energy|Length|Power (physics)|Field (physics),8|2|1|13|1,Work (physics)|Energy|Length|Power (physics)|Field (physics),8|2|1|13|1
51,2,Wavelength,25.0,0.25833810096922616,27.2,27.2,6.2.2,Energy|Speed|Light|Wavelength|Mass|Velocity|Physics|Work (physics)|Electron|Diffraction|Wave|Distance,2|1|2|13|2|4|1|1|6|4|2|1,Energy|Speed|Light|Wavelength|Mass|Velocity|Physics|Work (physics)|Electron|Diffraction|Wave|Distance,2|1|2|13|2|4|1|1|6|4|2|1
52,2,Resultant force,66.0,0.26093942946863224,12.2.6,12.2.6,12.2.6,Force|Free body diagram|Length|Euclidean vector|Direction (geometry)|Motion|Frame of reference|Position (vector)|Work (physics),14|3|2|6|8|1|1|3|1,Force|Free body diagram|Length|Euclidean vector|Direction (geometry)|Motion|Frame of reference|Position (vector)|Work (physics),14|3|2|6|8|1|1|3|1
53,2,Elasticity (physics),91.0,0.27317662341994337,22.3.1,22.3.1,21.4.1,Plasticity (physics)|Elasticity (physics)|Force|Deformation (engineering),8|4|3|1,Plasticity (physics)|Elasticity (physics)|Force|Deformation (engineering),8|4|3|1
54,2,Distance,8.0,0.2761797991157612,3.3,3.3,3.3,Displacement (vector)|Position (vector)|Direction (geometry)|Euclidean vector|Physics|Distance|Scalar (mathematics)|Frame of reference|Physical quantity,17|14|10|4|2|10|3|1|2,Displacement (vector)|Position (vector)|Direction (geometry)|Euclidean vector|Physics|Distance|Scalar (mathematics)|Frame of reference|Physical quantity,17|14|10|4|2|10|3|1|2
55,2,Pigment,107.0,0.2839378009009477,25.4.3,25.4.3,25.4,Pigment|Color|Light,4|6|1,Pigment|Color|Light,4|6|1
56,2,Electrical conductor,48.0,0.2889248250028433,19.2.2,19.2.2,9.6,Temperature|Ohm|Electrical |Electrical resistance and conductance|Electrical conductor|Light|Voltage|Electric current,8|4|6|6|8|2|4|5,Temperature|Ohm|Electrical |Electrical resistance and conductance|Electrical conductor|Light|Voltage|Electric current,8|4|6|6|8|2|4|5
57,2,Gravity,12.0,0.29668340289751993,4.2,4.2,4,Field (physics)|Mass|Force|Gravitational field|Free fall|Motion|Friction|Gravity|Electrical |Electrical resistance and conductance,1|4|4|4|3|5|3|1|1|1,Field (physics)|Mass|Force|Gravitational field|Free fall|Motion|Friction|Gravity|Electrical |Electrical resistance and conductance,1|4|4|4|3|5|3|1|1|1
58,2,Intensity (physics),79.0,0.2968781015717413,15.4.1,15.4.1,15.4.1,Amplitude|Energy|Power (physics)|Joule|Sound|Compression (physics)|Distance,1|2|1|1|6|1|1,Amplitude|Energy|Power (physics)|Joule|Sound|Compression (physics)|Distance,1|2|1|1|6|1|1
59,2,Displacement (vector),8.0,0.2989567183109589,3.3,3.3,3.3,Displacement (vector)|Position (vector)|Direction (geometry)|Euclidean vector|Physics|Distance|Scalar (mathematics)|Frame of reference|Physical quantity,17|14|10|4|2|10|3|1|2,Displacement (vector)|Position (vector)|Direction (geometry)|Euclidean vector|Physics|Distance|Scalar (mathematics)|Frame of reference|Physical quantity,17|14|10|4|2|10|3|1|2
60,1,Sound intensity,79.0,0.30156975973986044,15.4.1,15.4.1,15.4.1,Amplitude|Energy|Power (physics)|Joule|Sound|Compression (physics)|Distance,1|2|1|1|6|1|1,Amplitude|Energy|Power (physics)|Joule|Sound|Compression (physics)|Distance,1|2|1|1|6|1|1
61,1,Free fall,16.0,0.3023695646043987,4.2.2,4.2.2,4.2.2,Free fall|Motion|Gravitational field|Force|Friction|Gravity|Mass|Electrical |Electrical resistance and conductance,3|5|3|2|3|1|2|1|1,Free fall|Motion|Gravitational field|Force|Friction|Gravity|Mass|Electrical |Electrical resistance and conductance,3|5|3|2|3|1|2|1|1
62,1,Capacitor,113.0,0.3069581075527299,28.4.1,28.4.1,28.4.1,Capacitance|Capacitor|Electrical |Electrical resistance and conductance|Frequency,6|6|1|1|8,Capacitance|Capacitor|Electrical |Electrical resistance and conductance|Frequency,6|6|1|1|8
63,1,Huygens–Fresnel principle,108.0,0.3089628839096904,26.3,26.3,26.3,Wave|Huygens–Fresnel principle|Light,4|2|1,Wave|Huygens–Fresnel principle|Light,4|2|1
64,1,Inelastic collision,92.0,0.3090985705616242,21.4.2,21.4.2,21.4.2,Energy|Collision|Deformation (engineering)|Force|Physics|Work (physics)|Laser|Electric current|Field (physics)|Metre|Optical microscope|Electron,24|4|1|2|5|4|1|2|2|1|1|1,Energy|Collision|Deformation (engineering)|Force|Physics|Work (physics)|Laser|Electric current|Field (physics)|Metre|Optical microscope|Electron,24|4|1|2|5|4|1|2|2|1|1|1
65,2,Electric field,82.0,0.31582942827748445,17.3|17.5.4,17.3|17.5.4,17.3,Electric charge|Force|Electric field|Direction (geometry)|Position (vector)|Magnet|Field (physics)|Euclidean vector|Length|Work (physics)|Distance|Reflection (physics)|Electron|Strength of materials|Coulomb|Capacitor|Voltage,97|27|24|14|20|1|24|3|1|1|3|1|1|4|2|1|1,Electric charge|Force|Electric field|Direction (geometry)|Position (vector)|Magnet|Field (physics)|Euclidean vector|Length|Work (physics)|Distance|Reflection (physics)|Electron|Strength of materials|Coulomb|Capacitor|Voltage,97|27|24|14|20|1|24|3|1|1|3|1|1|4|2|1|1
66,2,Scalar (mathematics),61.0,0.3247156044195587,11.2|11.6.3,11.2|11.6.3,11.2,Scalar (mathematics)|Euclidean vector|Direction (geometry)|Physics|Velocity|Speed|Work (physics),8|10|6|1|2|1|1,Scalar (mathematics)|Euclidean vector|Direction (geometry)|Physics|Velocity|Speed|Work (physics),8|10|6|1|2|1|1
67,2,Crest (physics),24.0,0.3259502591982288,6.2.1,6.2.1,6.2.1,Wave|Crest (physics)|Displacement (vector),4|6|2,Wave|Crest (physics)|Displacement (vector),4|6|2
68,1,Dielectric,86.0,0.3317555544028268,17.5.2,17.5.2,17.5.2,Electric field|Capacitor|Dielectric|Field (physics)|Voltage|Capacitance|Electric charge,3|8|6|2|5|3|4,Electric field|Capacitor|Dielectric|Field (physics)|Voltage|Capacitance|Electric charge,3|8|6|2|5|3|4
69,1,Torque,70.0,0.3349015814336451,12.6.1,12.6.1,12.6.1,Force|Motion|Distance|Torque|Euclidean vector|Tangential and normal components|Direction (geometry)|Position (vector),9|2|2|11|1|1|3|1,Force|Motion|Distance|Torque|Euclidean vector|Tangential and normal components|Direction (geometry)|Position (vector),9|2|2|11|1|1|3|1
70,3,Transmission medium,21.0,0.3369089359851687,5.2,5.2,5.2,Wave|Sound|Position (vector),10|1|1,Wave|Sound|Position (vector),10|1|1
71,2,Amplitude,22.0,0.33946204634157656,6.2.2,5.3.1,5.3.1,Wave|Amplitude|Wavelength|Length|Displacement (vector)|Position (vector)|Distance|Crest (physics)|Metre,5|7|5|1|1|4|9|4|2,Amplitude|Displacement (vector)|Position (vector)|Length,4|2|1|2
72,2,Motion,5.0,0.34230035430526506,3,3,3,Position (vector)|Displacement (vector)|Speed|Velocity|Motion|Direction (geometry)|Frame of reference|Length|Euclidean vector|Physics|Distance|Scalar (mathematics)|Physical quantity|Acceleration|Work (physics)|Metre|Force|Friction|Newton's laws of motion,64|28|15|68|35|29|8|1|9|2|17|7|2|2|3|6|2|1|1,Position (vector)|Displacement (vector)|Speed|Velocity|Motion|Direction (geometry)|Frame of reference|Length|Euclidean vector|Physics|Distance|Scalar (mathematics)|Physical quantity|Acceleration|Work (physics)|Metre|Force|Friction|Newton's laws of motion,64|28|15|68|35|29|8|1|9|2|17|7|2|2|3|6|2|1|1
73,1,Diffraction,110.0,0.34456652376485675,26.5,26.5,26.5,Wave|Diffraction|Sound|Light|Wavelength|Huygens–Fresnel principle|Distance|Mirror image|Position (vector)|Work (physics),28|14|6|8|11|1|2|1|1|1,Wave|Diffraction|Sound|Light|Wavelength|Huygens–Fresnel principle|Distance|Mirror image|Position (vector)|Work (physics),28|14|6|8|11|1|2|1|1|1
74,1,Acceleration,10.0,0.3448499667123737,3.5,3.5,3.5,Velocity|Euclidean vector|Motion|Direction (geometry)|Position (vector)|Acceleration|Speed|Work (physics),13|2|3|4|6|2|3|1,Velocity|Euclidean vector|Motion|Direction (geometry)|Position (vector)|Acceleration|Speed|Work (physics),13|2|3|4|6|2|3|1
75,2,Field (physics),15.0,0.3468319954149164,17.3.1|17.5.4,8.3.3,4.2.1,Electric charge|Position (vector)|Electric field|Magnet|Field (physics)|Direction (geometry)|Strength of materials|Capacitor|Voltage|Distance,8|3|5|1|5|2|1|1|1|1,Magnet|Field (physics)|Strength of materials|Direction (geometry)|Compass|Electrical polarity,27|25|1|3|2|1
76,2,Frequency,26.0,0.359303473201787,14.3.3,14.3.3,6.2.4,Wave|Wavelength|Frequency,7|5|3,Wave|Wavelength|Frequency,7|5|3
77,1,Electromotive force,52.0,0.3640025003379252,10.2.5,10.2.5,10.2.5,Voltage|Force|Electromotive force|Potential energy|Electric charge,4|1|3|3|1,Voltage|Force|Electromotive force|Potential energy|Electric charge,4|1|3|3|1
78,1,Geometrical optics,28.0,0.364394734984031,7,13,7,Light|Hardness|Ray (optics)|Wave|Crest (physics)|Geometrical optics|Telescope|Optical microscope|Work (physics)|Distance|Reflection (physics)|Physics|Direction (geometry)|Mirror image|Sound|Angle of incidence|Specular reflection|Speed|Refraction|Snell's law|Wavelength|Plane mirror|Curved mirror|Real image|Virtual image|Length|Position (vector)|Magnification|Power (physics)|Plasticity (physics)|Laser,127|1|105|10|1|27|1|1|3|11|71|2|2|1|1|27|16|19|54|8|1|12|26|5|7|5|3|4|1|1|2,Light|Reflection (physics)|Refraction|Work (physics)|Telescope|Optical microscope|Curved mirror|Direction (geometry)|Ray (optics)|Geometrical optics|Position (vector)|Distance|Length|Real image|Virtual image|Magnification|Crystallinity|Stiffness|Planet|Plane mirror|Metre,52|6|7|3|18|4|2|13|87|9|14|33|12|4|3|10|3|1|2|1|1
79,2,Plasticity (physics),96.0,0.3658689378074551,22.3.1,22.3.1,22.3,Plasticity (physics)|Elasticity (physics)|Force|Deformation (engineering),8|4|3|1,Plasticity (physics)|Elasticity (physics)|Force|Deformation (engineering),8|4|3|1
80,1,Newton's law of universal gravitation,68.0,0.3659900046585794,12.4.1,12.4.1,12.4.1,Newton's laws of motion|Mass|Force|Direction (geometry)|Distance|Gravitational constant|Kilogram|Metre|Gravity|Length,1|17|12|1|3|1|7|1|3|1,Newton's laws of motion|Mass|Force|Direction (geometry)|Distance|Gravitational constant|Kilogram|Metre|Gravity|Length,1|17|12|1|3|1|7|1|3|1
81,1,Physics,1.0,0.3665391021307541,1,1,1,Physics|Work (physics)|Field (physics)|Wave|Energy level,7|1|1|2|1,Physics|Work (physics)|Field (physics)|Wave|Energy level,7|1|1|2|1
82,2,Wave,23.0,0.3711301322756964,14,30.3,6,Wave|Motion|Direction (geometry)|Light|Sound|Position (vector)|Displacement (vector)|Wavelength|Amplitude|Frequency|Speed|Crest (physics)|Compression (physics)|Rarefaction|Distance|Hertz|Velocity|Motion graphs and derivatives|Diffraction|Planet|Hardness,75|9|7|5|16|8|3|10|4|5|3|1|12|9|3|1|3|3|2|1|1,Electric charge|Wave|Electric field|Magnet|Field (physics)|Sound|Speed,1|6|4|3|4|1|1
83,1,Kinetic energy,18.0,0.3745748045851949,4.4,4.4,4.4,Energy|Motion|Kinetic energy|Velocity|Mass|Kilogram|Joule,15|2|1|4|1|3|1,Energy|Motion|Kinetic energy|Velocity|Mass|Kilogram|Joule,15|2|1|4|1|3|1
84,2,Creep (deformation),96.0,0.3749242823589949,22.3.2,22.3.2,22.3,Plasticity (physics)|Elasticity (physics)|Fracture|Force|Creep (deformation)|Deformation (engineering)|Fatigue (material),1|1|3|5|6|2|4,Plasticity (physics)|Elasticity (physics)|Fracture|Force|Creep (deformation)|Deformation (engineering)|Fatigue (material),1|1|3|5|6|2|4
85,2,Speed,9.0,0.3774873773819036,3.4,3.4,3.4,Velocity|Position (vector)|Displacement (vector)|Euclidean vector|Scalar (mathematics)|Motion|Speed|Distance|Direction (geometry),19|9|5|3|4|3|7|2|3,Velocity|Position (vector)|Displacement (vector)|Euclidean vector|Scalar (mathematics)|Motion|Speed|Distance|Direction (geometry),19|9|5|3|4|3|7|2|3
86,3,Tension (physics),1.0,0.3800293612187355,12.2,12.2,1,Force|Direction (geometry)|Gravity|Electron|Magnet|Euclidean vector|Newton's law of universal gravitation|Physics|Mass|Work (physics)|Electrostatics|Electric charge|Coulomb|Power (physics)|Friction|Displacement (vector)|Motion|Length|Free body diagram|Frame of reference|Position (vector),109|15|7|1|8|8|1|3|4|2|3|4|2|1|7|1|3|4|4|1|3,Force|Direction (geometry)|Gravity|Electron|Magnet|Euclidean vector|Newton's law of universal gravitation|Physics|Mass|Work (physics)|Electrostatics|Electric charge|Coulomb|Power (physics)|Friction|Displacement (vector)|Motion|Length|Free body diagram|Frame of reference|Position (vector),109|15|7|1|8|8|1|3|4|2|3|4|2|1|7|1|3|4|4|1|3
87,1,Electrostatics,45.0,0.3801757759854614,17,17,9,Force|Electric charge|Electrostatics|Distance|Coulomb|Newton's law of universal gravitation|Mass|Gravitational constant|Field (physics)|Direction (geometry)|Position (vector)|Electrical conductor|Electric field|Magnet|Euclidean vector|Length|Work (physics)|Reflection (physics)|Electron|Strength of materials|Electric potential energy|Energy|Potential energy|Electric potential|Voltage|Joule|Power (physics)|Collision|Metre|Electric current|Wave|Sound|Light|Speed|Capacitor|Electrical polarity|Capacitance|Dielectric|Electromotive force|Insulator (electricity),44|192|10|16|14|2|2|1|31|20|36|2|44|1|3|1|5|1|10|4|3|4|4|3|24|1|3|1|1|6|1|3|1|2|29|1|11|12|1|1,Force|Electric charge|Electrostatics|Distance|Coulomb|Newton's law of universal gravitation|Mass|Gravitational constant|Field (physics)|Direction (geometry)|Position (vector)|Electrical conductor|Electric field|Magnet|Euclidean vector|Length|Work (physics)|Reflection (physics)|Electron|Strength of materials|Electric potential energy|Energy|Potential energy|Electric potential|Voltage|Joule|Power (physics)|Collision|Metre|Electric current|Wave|Sound|Light|Speed|Capacitor|Electrical polarity|Capacitance|Dielectric|Electromotive force|Insulator (electricity),44|192|10|16|14|2|2|1|31|20|36|2|44|1|3|1|5|1|10|4|3|4|4|3|24|1|3|1|1|6|1|3|1|2|29|1|11|12|1|1
88,1,Optical microscope,74.0,0.38156821515311945,13.6,13.6,13.6,Telescope|Distance|Work (physics)|Optical microscope|Magnification|Light|Length|Ray (optics),2|1|1|2|2|1|1|2,Telescope|Distance|Work (physics)|Optical microscope|Magnification|Light|Length|Ray (optics),2|1|1|2|2|1|1|2
89,1,Absorption spectroscopy,120.0,0.3864066007043191,31.4.2,31.4.2,31.4.2,Energy|Electron|Energy level|Scattering|Absorption spectroscopy|Light|Wavelength|Emission spectrum,3|2|5|1|5|3|2|4,Energy|Electron|Energy level|Scattering|Absorption spectroscopy|Light|Wavelength|Emission spectrum,3|2|5|1|5|3|2|4
90,1,Color,104.0,0.3936024213124496,25,25,25,Light|Electromagnetic radiation|Wave|Amplitude|Frequency|Wavelength|Velocity|Speed|Color|Refraction|Work (physics)|Hardness|Pigment|Electron|Reflection (physics)|Plasticity (physics),64|3|3|1|21|9|3|6|51|4|1|1|9|1|7|1,Light|Electromagnetic radiation|Wave|Amplitude|Frequency|Wavelength|Velocity|Speed|Color|Refraction|Work (physics)|Hardness|Pigment|Electron|Reflection (physics)|Plasticity (physics),64|3|3|1|21|9|3|6|51|4|1|1|9|1|7|1
91,1,Voltmeter,57.0,0.4002894038098661,10.5.1,10.5.1,10.5.1,Voltmeter|Voltage|Metre,7|4|1,Voltmeter|Voltage|Metre,7|4|1
92,2,Sonic boom,111.0,0.4014444755463929,26.6,26.6,26.6,Wave|Speed|Sound|Direction (geometry)|Wavelength|Doppler effect|Frequency|Work (physics)|Sonic boom|Distance,14|23|34|4|2|2|1|2|3|1,Wave|Speed|Sound|Direction (geometry)|Wavelength|Doppler effect|Frequency|Work (physics)|Sonic boom|Distance,14|23|34|4|2|2|1|2|3|1
93,1,Ammeter,58.0,0.4068635498093735,10.5.2,10.5.2,10.5.2,Ammeter|Electric current,2|2,Ammeter|Electric current,2|2
94,2,Electric potential energy,84.0,0.4096634622576561,17.4,17.4,17.4,Electric potential energy|Electric charge|Energy|Position (vector)|Potential energy|Distance|Electric potential|Electric field|Field (physics)|Work (physics)|Voltage|Joule|Coulomb|Power (physics)|Collision|Metre|Electric current|Electron|Force|Direction (geometry)|Wave|Sound|Light|Speed,3|36|3|12|4|3|3|10|2|4|4|1|1|1|1|1|4|1|1|1|1|3|1|2,Electric potential energy|Electric charge|Energy|Position (vector)|Potential energy|Distance|Electric potential|Electric field|Field (physics)|Work (physics)|Voltage|Joule|Coulomb|Power (physics)|Collision|Metre|Electric current|Electron|Force|Direction (geometry)|Wave|Sound|Light|Speed,3|36|3|12|4|3|3|10|2|4|4|1|1|1|1|1|4|1|1|1|1|3|1|2
95,2,Lever,69.0,0.4119322346895042,12.6,12.6,12.6,Force|Motion|Distance|Torque|Euclidean vector|Tangential and normal components|Direction (geometry)|Position (vector)|Mass|Kilogram|Lever|Metre|Work (physics)|Friction|Length,17|2|8|12|1|1|4|2|4|3|31|2|2|2|1,Force|Motion|Distance|Torque|Euclidean vector|Tangential and normal components|Direction (geometry)|Position (vector)|Mass|Kilogram|Lever|Metre|Work (physics)|Friction|Length,17|2|8|12|1|1|4|2|4|3|31|2|2|2|1
96,1,Snell's law,34.0,0.4177131937059965,7.4.2,7.4.2,7.4.2,Refraction|Angle of incidence|Light|Snell's law|Wavelength|Ray (optics),21|7|7|4|1|12,Refraction|Angle of incidence|Light|Snell's law|Wavelength|Ray (optics),21|7|7|4|1|12
97,2,Light,29.0,0.4180450435741981,25.2,7.2,7.2,Light|Wavelength|Color|Frequency|Speed|Refraction,27|6|5|9|3|4,Physics|Light|Ray (optics)|Direction (geometry)|Reflection (physics),1|20|10|1|2
98,1,Ohm's law,51.0,0.41900586488889424,19.2,10.2.4,10.2.4,Electric current|Voltage|Electrical |Electrical resistance and conductance|Ohm|Electrical conductor|Temperature|Light,10|9|9|9|11|13|10|2,Voltage|Potential energy|Work (physics)|Electric charge|Electrical |Electrical resistance and conductance|Ohm,11|2|3|2|10|10|1
99,1,Electrical resistance and conductance,55.0,0.4201969337039448,19.3,10.4,10.4,Series and parallel circuits|Electric current|Electrical |Electrical resistance and conductance|Electron|Direction (geometry)|Electric charge|Position (vector)|Voltage|Ohm|Electromotive force|Energy,10|15|16|16|1|2|1|1|13|4|7|2,Electric charge|Electrical conductor|Optical microscope|Electron|Collision|Energy|Electrical |Electrical resistance and conductance|Ohm|Light|Electric current|Temperature|Potential energy|Power (physics)|Series and parallel circuits|Ammeter,5|6|1|4|2|10|16|16|2|4|11|1|3|1|2|2
100,1,Electric current,53.0,0.4222678057048652,10.3,10.3,10.3,Electric charge|Electric current|Coulomb|Direction (geometry)|Position (vector)|Series and parallel circuits|Electron|Voltage|Electrical |Electrical resistance and conductance,26|14|1|6|3|1|3|1|1|1,Electric charge|Electric current|Coulomb|Direction (geometry)|Position (vector)|Series and parallel circuits|Electron|Voltage|Electrical |Electrical resistance and conductance,26|14|1|6|3|1|3|1|1|1
101,1,Specular reflection,31.0,0.42641285980481997,7.3.2,7.3.2,7.3.2,Specular reflection|Angle of incidence|Reflection (physics)|Ray (optics)|Wave|Light,4|6|10|4|2|2,Specular reflection|Angle of incidence|Reflection (physics)|Ray (optics)|Wave|Light,4|6|10|4|2|2
102,1,Voltage,50.0,0.4333391773788704,10.2,10.2,10.2,Electric charge|Force|Work (physics)|Electric current|Position (vector)|Potential energy|Gravity|Voltage|Electric potential|Electric potential energy|Joule|Coulomb|Distance|Electrical |Electrical resistance and conductance|Ohm|Electromotive force,14|6|8|1|2|13|2|36|2|1|1|1|3|10|10|1|3,Electric charge|Force|Work (physics)|Electric current|Position (vector)|Potential energy|Gravity|Voltage|Electric potential|Electric potential energy|Joule|Coulomb|Distance|Electrical |Electrical resistance and conductance|Ohm|Electromotive force,14|6|8|1|2|13|2|36|2|1|1|1|3|10|10|1|3
103,1,Euclidean vector,60.0,0.4384160956894816,11,11,11,Euclidean vector|Physics|Scalar (mathematics)|Direction (geometry)|Velocity|Speed|Force|Compass|Length|Displacement (vector)|Distance|Work (physics)|Position (vector)|Motion,137|7|9|54|4|1|6|3|10|18|1|2|7|1,Euclidean vector|Physics|Scalar (mathematics)|Direction (geometry)|Velocity|Speed|Force|Compass|Length|Displacement (vector)|Distance|Work (physics)|Position (vector)|Motion,137|7|9|54|4|1|6|3|10|18|1|2|7|1
104,1,Gravitational field,15.0,0.4460215084076111,4.2.1,4.2.1,4.2.1,Field (physics)|Mass|Force|Gravitational field,1|2|2|1,Field (physics)|Mass|Force|Gravitational field,1|2|2|1
105,2,Ray (optics),29.0,0.4503698646794566,7.2.2|7.5.3,30.6.3,7.2,Ray (optics)|Light|Plane mirror|Specular reflection|Length|Position (vector)|Distance|Reflection (physics)|Angle of incidence|Direction (geometry)|Virtual image,26|6|5|3|1|1|1|3|2|1|1,,
106,1,Ohmmeter,59.0,0.4506353173842517,10.5.3,10.5.3,10.5.3,Ohmmeter|Electrical |Electrical resistance and conductance|Ammeter|Work (physics)|Voltage|Electric current|Ohm|Power (physics),7|4|4|1|1|4|3|1|1,Ohmmeter|Electrical |Electrical resistance and conductance|Ammeter|Work (physics)|Voltage|Electric current|Ohm|Power (physics),7|4|4|1|1|4|3|1|1
107,1,Magnification,38.0,0.4507019797697617,7.5.8,7.5.8,7.5.8,Geometrical optics|Magnification|Plane mirror,1|4|1,Geometrical optics|Magnification|Plane mirror,1|4|1
108,3,Non-inertial reference frame,7.0,0.4539519981033954,21.5.2,21.5.2,3.2.1,Frame of reference|Direction (geometry)|Position (vector)|Motion|Inertial frame of reference|Velocity|Newton's laws of motion|Non-inertial reference frame|Force,4|1|1|1|2|1|1|2|1,Frame of reference|Direction (geometry)|Position (vector)|Motion|Inertial frame of reference|Velocity|Newton's laws of motion|Non-inertial reference frame|Force,4|1|1|1|2|1|1|2|1
109,1,Transverse wave,23.0,0.4583480218039476,6.2,6.2,6,Wave|Direction (geometry)|Displacement (vector)|Position (vector)|Motion|Crest (physics)|Amplitude|Wavelength|Length|Distance|Metre|Frequency|Speed,33|2|5|5|3|14|7|12|1|16|2|4|3,Wave|Direction (geometry)|Displacement (vector)|Position (vector)|Motion|Crest (physics)|Amplitude|Wavelength|Length|Distance|Metre|Frequency|Speed,33|2|5|5|3|14|7|12|1|16|2|4|3
110,2,Electron,112.0,0.4602092699686455,27.3,27.3,27.3,Wave|Electron|Optical microscope|Magnification|Power (physics)|Light|Work (physics)|Magnet|Geometrical optics|Wavelength|Diffraction|Distance|Position (vector)|Field (physics)|Scattering|Crystallinity,1|40|26|3|1|13|2|3|1|3|3|1|1|1|1|1,Wave|Electron|Optical microscope|Magnification|Power (physics)|Light|Work (physics)|Magnet|Geometrical optics|Wavelength|Diffraction|Distance|Position (vector)|Field (physics)|Scattering|Crystallinity,1|40|26|3|1|13|2|3|1|3|3|1|1|1|1|1
111,1,Electromagnetic spectrum,115.0,0.4640869262073512,30.4,30.4,30.4,Field (physics)|Light|Physics|Electromagnetic radiation|Reflection (physics)|Electromagnetic spectrum|Color|Wavelength|Wave|Ray (optics),1|7|2|3|1|2|1|11|3|1,Field (physics)|Light|Physics|Electromagnetic radiation|Reflection (physics)|Electromagnetic spectrum|Color|Wavelength|Wave|Ray (optics),1|7|2|3|1|2|1|11|3|1
112,1,Electroscope,49.0,0.4651671853933705,9.6.1,9.6.1,9.6.1,Electroscope|Electric charge|Position (vector)|Electrical conductor|Force,9|24|5|1|1,Electroscope|Electric charge|Position (vector)|Electrical conductor|Force,9|24|5|1|1
113,1,Frame of reference,7.0,0.4692712243065632,21.5,21.5,3.2.1,Frame of reference|Direction (geometry)|Position (vector)|Motion|Inertial frame of reference|Velocity|Newton's laws of motion|Non-inertial reference frame|Force|Speed|Light|Work (physics),12|2|1|1|2|6|1|2|1|2|2|1,Frame of reference|Direction (geometry)|Position (vector)|Motion|Inertial frame of reference|Velocity|Newton's laws of motion|Non-inertial reference frame|Force|Speed|Light|Work (physics),12|2|1|1|2|6|1|2|1|2|2|1
114,1,Emission spectrum,119.0,0.482354022872985,31.4.1,31.4.1,31.4.1,Electron|Energy|Energy level|Temperature|Color|Light|Wavelength|Voltage|Electrical conductor|Electric current|Electromagnetic radiation|Emission spectrum|Frequency,10|11|12|2|5|5|5|2|1|3|2|3|2,Electron|Energy|Energy level|Temperature|Color|Light|Wavelength|Voltage|Electrical conductor|Electric current|Electromagnetic radiation|Emission spectrum|Frequency,10|11|12|2|5|5|5|2|1|3|2|3|2
115,1,Free body diagram,65.0,0.4880078707054221,12.2.5,12.2.5,12.2.5,Force|Free body diagram,1|1,Force|Free body diagram,1|1
116,1,Potential energy,17.0,0.4903736257517808,4.3,4.3,4.3,Potential energy|Energy|Position (vector)|Electric potential energy|Joule|Mass|Kilogram|Force|Gravity,22|3|3|1|1|2|2|1|1,Potential energy|Energy|Position (vector)|Electric potential energy|Joule|Mass|Kilogram|Force|Gravity,22|3|3|1|1|2|2|1|1
117,1,Refractive index,33.0,0.4943516743776213,7.4.1,7.4.1,7.4.1,Light|Speed|Refraction,19|15|11,Light|Speed|Refraction,19|15|11
118,3,Normal force,64.0,0.4985317974900873,12.2,12.2,12.2,Force|Direction (geometry)|Gravity|Electron|Magnet|Euclidean vector|Newton's law of universal gravitation|Physics|Mass|Work (physics)|Electrostatics|Electric charge|Coulomb|Power (physics)|Friction|Displacement (vector)|Motion|Length|Free body diagram|Frame of reference|Position (vector),109|15|7|1|8|8|1|3|4|2|3|4|2|1|7|1|3|4|4|1|3,Force|Direction (geometry)|Gravity|Electron|Magnet|Euclidean vector|Newton's law of universal gravitation|Physics|Mass|Work (physics)|Electrostatics|Electric charge|Coulomb|Power (physics)|Friction|Displacement (vector)|Motion|Length|Free body diagram|Frame of reference|Position (vector),109|15|7|1|8|8|1|3|4|2|3|4|2|1|7|1|3|4|4|1|3
119,1,Refracting telescope,73.0,0.4992624096376293,13.5.1,13.5.1,13.5.1,Refraction|Telescope|Length|Light|Ray (optics),3|4|1|1|1,Refraction|Telescope|Length|Light|Ray (optics),3|4|1|1|1
120,1,Newton's laws of motion,67.0,0.5059375516490395,12.3,12.3,12.3,Motion|Force|Speed|Direction (geometry)|Velocity|Field (physics)|Newton's laws of motion|Friction|Distance|Electrical |Electrical resistance and conductance|Kilogram|Hardness|Mass|Gravity|Work (physics)|Position (vector)|Free fall|Sound|Tension (physics)|Physics|Magnet|Electrostatics|Euclidean vector|Free body diagram,13|158|1|22|9|1|1|40|2|1|1|5|1|6|15|3|4|1|1|5|1|1|1|2|2,Motion|Force|Speed|Direction (geometry)|Velocity|Field (physics)|Newton's laws of motion|Friction|Distance|Electrical |Electrical resistance and conductance|Kilogram|Hardness|Mass|Gravity|Work (physics)|Position (vector)|Free fall|Sound|Tension (physics)|Physics|Magnet|Electrostatics|Euclidean vector|Free body diagram,13|158|1|22|9|1|1|40|2|1|1|5|1|6|15|3|4|1|1|5|1|1|1|2|2
121,2,Velocity,9.0,0.5079622556965256,3.4|3.6.2,3.4|3.6.2,3.4,Velocity|Position (vector)|Displacement (vector)|Euclidean vector|Scalar (mathematics)|Motion|Speed|Distance|Direction (geometry)|Metre,32|13|5|3|4|9|7|2|3|1,Velocity|Position (vector)|Displacement (vector)|Euclidean vector|Scalar (mathematics)|Motion|Speed|Distance|Direction (geometry)|Metre,32|13|5|3|4|9|7|2|3|1
122,2,Compass,44.0,0.5101071421741621,8.4,8.4,8.4,Compass|Direction (geometry)|Magnet|Field (physics)|Work (physics)|Electric current|Electric charge|Electron|Collision|Light,8|11|23|14|1|1|3|1|1|1,Compass|Direction (geometry)|Magnet|Field (physics)|Work (physics)|Electric current|Electric charge|Electron|Collision|Light,8|11|23|14|1|1|3|1|1|1
123,1,Total internal reflection,39.0,0.5241653786385257,7.6.1,7.6.1,7.6.1,Angle of incidence|Refraction|Ray (optics)|Reflection (physics)|Light|Geometrical optics|Snell's law,8|7|3|9|3|2|3,Angle of incidence|Refraction|Ray (optics)|Reflection (physics)|Light|Geometrical optics|Snell's law,8|7|3|9|3|2|3
124,1,Doppler effect,103.0,0.5327233763145124,24,24,24,Pitch (music)|Doppler effect|Frequency|Wavelength|Wave|Sound|Amplitude|Direction (geometry)|Speed|Velocity|Distance|Reflection (physics)|Hertz|Metre|Light|Color|Telescope|Position (vector),4|16|25|19|25|19|1|4|5|4|3|3|1|4|23|4|2|1,Pitch (music)|Doppler effect|Frequency|Wavelength|Wave|Sound|Amplitude|Direction (geometry)|Speed|Velocity|Distance|Reflection (physics)|Hertz|Metre|Light|Color|Telescope|Position (vector),4|16|25|19|25|19|1|4|5|4|3|3|1|4|23|4|2|1
125,3,Inertial frame of reference,7.0,0.5417957285231702,21.5.2,21.5.2,3.2.1,Frame of reference|Direction (geometry)|Position (vector)|Motion|Inertial frame of reference|Velocity|Newton's laws of motion|Non-inertial reference frame|Force,4|1|1|1|2|1|1|2|1,Frame of reference|Direction (geometry)|Position (vector)|Motion|Inertial frame of reference|Velocity|Newton's laws of motion|Non-inertial reference frame|Force,4|1|1|1|2|1|1|2|1
126,1,Plane mirror,36.0,0.5510807527481596,7.5.2,7.5.2,7.5.2,Distance|Virtual image|Light,1|3|5,Distance|Virtual image|Light,1|3|5
127,1,Telescope,72.0,0.5617031665898614,13.5,13.5,13.5,Telescope|Light|Planet|Reflection (physics)|Refraction|Length|Ray (optics)|Plane mirror|Direction (geometry)|Geometrical optics|Metre,14|6|2|4|4|2|3|1|1|1|1,Telescope|Light|Planet|Reflection (physics)|Refraction|Length|Ray (optics)|Plane mirror|Direction (geometry)|Geometrical optics|Metre,14|6|2|4|4|2|3|1|1|1|1
128,1,Electric potential,85.0,0.5645593779773403,17.4.1,17.4.1,17.4.1,Electric potential|Electric potential energy|Electric charge|Potential energy|Position (vector)|Electric field|Energy|Field (physics)|Work (physics)|Voltage|Joule|Coulomb,2|2|14|3|4|4|1|1|4|4|1|1,Electric potential|Electric potential energy|Electric charge|Potential energy|Position (vector)|Electric field|Energy|Field (physics)|Work (physics)|Voltage|Joule|Coulomb,2|2|14|3|4|4|1|1|4|4|1|1
129,2,Coulomb's law,81.0,0.5691900280058331,17.2,17.2,17.2,Electric charge|Force|Electrostatics|Distance|Coulomb|Newton's law of universal gravitation|Mass|Gravitational constant|Field (physics)|Direction (geometry)|Position (vector)|Electrical conductor,27|14|9|7|9|2|2|1|1|4|1|2,Electric charge|Force|Electrostatics|Distance|Coulomb|Newton's law of universal gravitation|Mass|Gravitational constant|Field (physics)|Direction (geometry)|Position (vector)|Electrical conductor,27|14|9|7|9|2|2|1|1|4|1|2
130,1,Electromagnetic radiation,114.0,0.5725288025362366,30,30,30,Electromagnetic radiation|Wave|Magnet|Direction (geometry)|Frequency|Light|Ray (optics)|Energy|Energy level|Photoelectric effect|Electric charge|Electric field|Field (physics)|Sound|Speed|Physics|Reflection (physics)|Electromagnetic spectrum|Color|Wavelength|Joule|Hertz|Metre|Pigment|Work (physics)|Plasticity (physics)|Interference (wave propagation),13|18|4|1|4|31|6|12|1|1|1|4|5|1|3|3|3|2|1|13|1|2|1|1|1|2|1,Electromagnetic radiation|Wave|Magnet|Direction (geometry)|Frequency|Light|Ray (optics)|Energy|Energy level|Photoelectric effect|Electric charge|Electric field|Field (physics)|Sound|Speed|Physics|Reflection (physics)|Electromagnetic spectrum|Color|Wavelength|Joule|Hertz|Metre|Pigment|Work (physics)|Plasticity (physics)|Interference (wave propagation),13|18|4|1|4|31|6|12|1|1|1|4|5|1|3|3|3|2|1|13|1|2|1|1|1|2|1
131,2,Collision,90.0,0.5752009708090621,21.4,21.4,21.4,Elasticity (physics)|Energy|Collision|Deformation (engineering)|Force|Physics|Work (physics)|Laser|Electric current|Field (physics)|Metre|Optical microscope|Electron,6|39|8|1|2|5|4|1|2|2|1|1|1,Elasticity (physics)|Energy|Collision|Deformation (engineering)|Force|Physics|Work (physics)|Laser|Electric current|Field (physics)|Metre|Optical microscope|Electron,6|39|8|1|2|5|4|1|2|2|1|1|1
132,2,Electric charge,46.0,0.5792078602562774,9.2|9.3|9.4,9.2|9.3|9.4,9.2,Electric charge|Position (vector)|Coulomb|Electrostatics|Work (physics)|Energy|Plasticity (physics),56|18|4|1|1|1|1,Electric charge|Position (vector)|Coulomb|Electrostatics|Work (physics)|Energy|Plasticity (physics),56|18|4|1|1|1|1
133,1,Refraction,32.0,0.5838516033800529,7.4,7.4,7.4,Light|Reflection (physics)|Wave|Speed|Ray (optics)|Refraction|Geometrical optics|Angle of incidence|Snell's law|Wavelength,44|2|1|18|18|46|6|7|5|1,Light|Reflection (physics)|Wave|Speed|Ray (optics)|Refraction|Geometrical optics|Angle of incidence|Snell's law|Wavelength,44|2|1|18|18|46|6|7|5|1
134,2,Mass,13.0,0.5975535957911468,12.4,4.1.1,4.1.1,Gravitational field|Force|Mass|Field (physics)|Strength of materials|Gravity|Euclidean vector|Direction (geometry)|Newton's laws of motion|Distance|Gravitational constant|Kilogram|Metre|Length,3|21|20|5|4|4|1|2|1|3|1|7|1|1,Mass|Kilogram|Planet|Scalar (mathematics)|Force|Euclidean vector,4|3|2|1|1|1
135,2,Field line,83.0,0.5978777991625465,17.3.1,17.3.1,17.3.1,Electric charge|Position (vector)|Electric field|Magnet|Field (physics)|Direction (geometry),8|3|3|1|5|2,Electric charge|Position (vector)|Electric field|Magnet|Field (physics)|Direction (geometry),8|3|3|1|5|2
136,1,Standing wave,27.0,0.6000951686373576,6.4.3,6.4.3,6.4.3,Reflection (physics)|Wave|Direction (geometry)|Frequency|Wavelength|Standing wave|Amplitude|Position (vector)|Crest (physics)|Motion,5|24|1|1|2|10|3|1|1|3,Reflection (physics)|Wave|Direction (geometry)|Frequency|Wavelength|Standing wave|Amplitude|Position (vector)|Crest (physics)|Motion,5|24|1|1|2|10|3|1|1|3
137,1,Pitch (music),77.0,0.6086995115634384,15.2.1,15.2.1,15.2.1,Frequency|Sound|Wave|Pitch (music)|Hertz,7|7|1|6|3,Frequency|Sound|Wave|Pitch (music)|Hertz,7|7|1|6|3
138,3,Contact force,64.0,0.6118378175984952,12.2.1,12.2.1,12.2,Force|Direction (geometry)|Gravity|Electron|Magnet|Euclidean vector|Newton's law of universal gravitation,27|2|1|1|2|2|1,Force|Direction (geometry)|Gravity|Electron|Magnet|Euclidean vector|Newton's law of universal gravitation,27|2|1|1|2|2|1
139,3,Mirror image,30.0,0.6278555135380448,7.5,7.5,7.3,Reflection (physics)|Plane mirror|Curved mirror|Light|Physics|Ray (optics)|Work (physics)|Real image|Virtual image|Distance|Specular reflection|Length|Position (vector)|Angle of incidence|Direction (geometry)|Geometrical optics|Magnification,16|12|26|25|1|41|2|5|7|8|6|4|3|2|1|2|4,Reflection (physics)|Plane mirror|Curved mirror|Light|Physics|Ray (optics)|Work (physics)|Real image|Virtual image|Distance|Specular reflection|Length|Position (vector)|Angle of incidence|Direction (geometry)|Geometrical optics|Magnification,16|12|26|25|1|41|2|5|7|8|6|4|3|2|1|2|4
140,1,Magnetic field,41.0,0.6287597786823658,8.2,8.2,8.2,Magnet|Field (physics)|Force|Electron|Direction (geometry)|Plasticity (physics)|Electric field,19|13|1|3|5|2|1,Magnet|Field (physics)|Force|Electron|Direction (geometry)|Plasticity (physics)|Electric field,19|13|1|3|5|2|1
141,2,Energy level,117.0,0.6301581758123387,31.2.1,31.2.1,31.2.1,Electron|Energy level|Energy|Light|Wavelength,6|4|8|3|2,Electron|Energy level|Energy|Light|Wavelength,6|4|8|3|2
142,1,Reflection (physics),30.0,0.6436494649081701,7.3,7.3,7.3,Reflection (physics)|Light|Ray (optics)|Mirror image|Wave|Sound|Angle of incidence|Specular reflection,37|12|27|1|7|1|8|10,Reflection (physics)|Light|Ray (optics)|Mirror image|Wave|Sound|Angle of incidence|Specular reflection,37|12|27|1|7|1|8|10
143,2,Magnet,42.0,0.6569739953578504,8.3,8.3,8.3,Magnet|Direction (geometry)|Field (physics)|Electric field|Position (vector)|Electric charge|Electron|Strength of materials|Compass|Electrical polarity,38|4|27|1|1|3|1|1|2|1,Magnet|Direction (geometry)|Field (physics)|Electric field|Position (vector)|Electric charge|Electron|Strength of materials|Compass|Electrical polarity,38|4|27|1|1|3|1|1|2|1
144,1,Force,64.0,0.6679805296265006,12.2,12.2,12.2,Force|Direction (geometry)|Gravity|Electron|Magnet|Euclidean vector|Newton's law of universal gravitation|Physics|Mass|Work (physics)|Electrostatics|Electric charge|Coulomb|Power (physics)|Friction|Displacement (vector)|Motion|Length|Free body diagram|Frame of reference|Position (vector),109|15|7|1|8|8|1|3|4|2|3|4|2|1|7|1|3|4|4|1|3,Force|Direction (geometry)|Gravity|Electron|Magnet|Euclidean vector|Newton's law of universal gravitation|Physics|Mass|Work (physics)|Electrostatics|Electric charge|Coulomb|Power (physics)|Friction|Displacement (vector)|Motion|Length|Free body diagram|Frame of reference|Position (vector),109|15|7|1|8|8|1|3|4|2|3|4|2|1|7|1|3|4|4|1|3
145,1,Curved mirror,37.0,0.6687962217671587,7.5.4|7.5.6,7.5.4|7.5.6,7.5.4,Curved mirror|Plane mirror|Length|Geometrical optics|Specular reflection|Light|Ray (optics)|Reflection (physics),18|1|1|1|2|2|5|3,Curved mirror|Plane mirror|Length|Geometrical optics|Specular reflection|Light|Ray (optics)|Reflection (physics),18|1|1|1|2|2|5|3
146,1,Energy,101.0,0.6688255584881311,23.3,23.3,23.3,Mechanical energy|Force|Work (physics)|Friction|Electrical |Electrical resistance and conductance|Kinetic energy|Position (vector)|Energy|Potential energy|Gravitational field|Distance|Mass|Elasticity (physics),5|14|23|5|1|1|3|2|19|10|2|1|2|2,Mechanical energy|Force|Work (physics)|Friction|Electrical |Electrical resistance and conductance|Kinetic energy|Position (vector)|Energy|Potential energy|Gravitational field|Distance|Mass|Elasticity (physics),5|14|23|5|1|1|3|2|19|10|2|1|2|2
147,1,Laser,121.0,0.6749361961297127,31.5,31.5,31.5,Laser|Light|Wavelength|Frequency|Amplitude|Color|Direction (geometry)|Distance|Energy|Energy level|Emission spectrum|Electron|Work (physics)|Geometrical optics|Strength of materials|Curved mirror|Reflection (physics)|Physics|Length|Sound,69|17|7|5|1|2|2|2|19|12|25|20|4|5|1|1|3|2|1|1,Laser|Light|Wavelength|Frequency|Amplitude|Color|Direction (geometry)|Distance|Energy|Energy level|Emission spectrum|Electron|Work (physics)|Geometrical optics|Strength of materials|Curved mirror|Reflection (physics)|Physics|Length|Sound,69|17|7|5|1|2|2|2|19|12|25|20|4|5|1|1|3|2|1|1
148,1,Magnetism,40.0,0.6839828812973584,8,8,8,Magnet|Force|Field (physics)|Physics|Electron|Direction (geometry)|Plasticity (physics)|Electric field|Position (vector)|Electric charge|Strength of materials|Compass|Electrical polarity|Work (physics)|Electric current|Collision|Light,87|4|56|1|5|20|2|2|1|6|1|10|1|1|1|1|1,Magnet|Force|Field (physics)|Physics|Electron|Direction (geometry)|Plasticity (physics)|Electric field|Position (vector)|Electric charge|Strength of materials|Compass|Electrical polarity|Work (physics)|Electric current|Collision|Light,87|4|56|1|5|20|2|2|1|6|1|10|1|1|1|1|1
149,1,Photoelectric effect,118.0,0.686346723800026,31.3,31.3,31.3,Hertz|Light|Electron|Photoelectric effect|Wave|Energy|Color|Wavelength|Frequency|Work (physics)|Diffraction|Energy level|Electrical conductor|Electrical |Electrical resistance and conductance|Electric current|Voltage|Reflection (physics)|Scattering,2|21|26|11|7|22|1|2|1|8|2|2|1|1|1|4|1|1|1,Hertz|Light|Electron|Photoelectric effect|Wave|Energy|Color|Wavelength|Frequency|Work (physics)|Diffraction|Energy level|Electrical conductor|Electrical |Electrical resistance and conductance|Electric current|Voltage|Reflection (physics)|Scattering,2|21|26|11|7|22|1|2|1|8|2|2|1|1|1|4|1|1|1
150,1,Mechanical energy,19.0,0.7406989477754005,4.5.1,4.5.1,4.5,Energy level|Energy|Potential energy|Mechanical energy|Force|Gravitational field|Gravity|Electrical |Electrical resistance and conductance|Velocity|Free fall|Mass|Friction|Work (physics)|Tension (physics),1|11|4|14|10|1|2|2|2|3|1|1|5|2|1,Energy level|Energy|Potential energy|Mechanical energy|Force|Gravitational field|Gravity|Electrical |Electrical resistance and conductance|Velocity|Free fall|Mass|Friction|Work (physics)|Tension (physics),1|11|4|14|10|1|2|2|2|3|1|1|5|2|1
151,1,Sound,76.0,0.7718417997324062,15,15,15,Wave|Sound|Pitch (music)|Musical tone|Frequency|Amplitude|Hertz|Energy|Standing wave|Physics|Speed|Temperature|Power (physics)|Joule|Compression (physics)|Distance|Reflection (physics)|Ray (optics)|Geometrical optics|Optical microscope|Work (physics),28|63|9|2|13|8|3|5|1|2|7|2|1|1|1|3|9|1|1|1|1,Wave|Sound|Pitch (music)|Musical tone|Frequency|Amplitude|Hertz|Energy|Standing wave|Physics|Speed|Temperature|Power (physics)|Joule|Compression (physics)|Distance|Reflection (physics)|Ray (optics)|Geometrical optics|Optical microscope|Work (physics),28|63|9|2|13|8|3|5|1|2|7|2|1|1|1|3|9|1|1|1|1
